station;year;parameter;25% quantile;median;75% quantile;std_dev;rel_std_dev;outliers;values;Spalte1;Spalte2;Spalte3;Spalte4;Spalte5;Spalte6;Spalte7;Spalte8;Spalte9;Spalte10;Spalte11;Spalte12;Spalte13;Spalte14;Spalte15;Spalte16;Spalte17;Spalte18;Spalte19;Spalte20;Spalte21;Spalte22;Spalte23;Spalte24;Spalte25;Spalte26;Spalte27;Spalte28;Spalte29;Spalte30;Spalte31;Spalte32;Spalte33;Spalte34;Spalte35;Spalte36;Spalte37;Spalte38;Spalte39;Spalte40;Spalte41;Spalte42;Spalte43;Spalte44;Spalte45;Spalte46;Spalte47;Spalte48;Spalte49;Spalte50;Spalte51;Spalte52;Spalte53;Spalte54;Spalte55;Spalte56;Spalte57;Spalte58;Spalte59;Spalte60;Spalte61;Spalte62;Spalte63;Spalte64;Spalte65;Spalte66;Spalte67;Spalte68;Spalte69;Spalte70;Spalte71;Spalte72;Spalte73;Spalte74;Spalte75;Spalte76;Spalte77
Porte du Scex;2018;2-4-D;0;0;0.01;0.0055871;111.7419998;[];0.009;0.011;0.013;0.007;0.009;0;0.01;0.008;0;0.007;0.009;0.009;0.008;0.014;0.008;0;0;0;0;0;0;0;0;0;0;0;0;0;0;0;0;0;0;0;0;0;0.008;0;0;0.011;0.01;0;0;0.009;0.011;0.014;0.015;0.013;0.013;0.015;0.014;;;;;;;;;;;;;;;;;;;;;;;;;;;
Porte du Scex;2019;2-4-D;0.004;0.007;0.01;0.003332327;45.3995438;[];0.015;0.01;0.009;0.007;0.009;0.01;0.01;0.011;0.01;0.014;0.012;0.01;0.01;0.009;0.01;0.012;0.009;0.009;0.007;0.007;0.005;0.003;0.003;0.002;0.002;0.002;0;0.004;0.003;0.004;0.004;0.004;0.003;0.004;0.004;0.007;0.007;0.007;0.01;0.01;0.009;0.005;0.007;0.006;0.009;0.007;0.01;0.007;0.009;0.01;;;;;;;;;;;;;;;;;;;;;;;;;;;;
Porte du Scex;2020;2-4-D;0.004;0.006;0.008;0.002384269;39.99924255;[];0.011;0.008;0.007;0.004;0.008;0.006;0.008;0.009;0.009;0;0.008;0.007;0.007;0.008;0.008;0.006;0.006;0.005;0.004;0.003;0.003;0.003;0.004;0.004;0.004;0.003;0.003;0.003;0.003;0.004;0.004;0.004;0.003;0.005;0.004;0.006;0.006;0.007;0.005;0.007;0.008;0.009;0.009;0.009;0.008;0.009;0.007;0.005;0.006;0.006;0.011;;;;;;;;;;;;;;;;;;;;;;;;;;;
Porte du Scex;2021;2-4-D;0.004;0.006;0.008;0.002546841;39.5472233;[];0.012;0.006;0.006;0.006;0.007;0.006;0.006;0.008;0.008;0.007;0.009;0.01;0.012;0.01;0.009;0.011;0.011;0.009;0.008;0.006;0.005;0.006;0.004;0.003;0.003;0.003;0.003;0.003;0.003;0.003;0.003;0.004;0.003;0.005;0.004;0.005;0.005;0.004;0.005;0.007;0.008;0.009;0.008;0.006;0.006;0.006;0.007;0.007;0.007;0.01;;;;;;;;;;;;;;;;;;;;;;;;;;;;
Porte du Scex;2022;2-4-D;0.004;0.007;0.009;0.003083826;46.75188697;[];0.011;0.012;0.008;0.007;0.007;0.009;0.011;0.01;0.009;0.009;0.01;0.009;0.011;0.008;0.01;0.009;0.007;0.007;0.006;0.004;0.003;0.003;0.003;0.004;0;0.003;0.002;0.003;0.003;0.003;0.004;0.003;0.003;0.004;0.004;0.004;0.004;0.006;0.007;0.005;0.005;0.008;0.007;0.005;0.01;0.011;0.01;0.014;0.007;0.007;0.006;0.008;;;;;;;;;;;;;;;;;;;;;;;;;;
Porte du Scex;2018;4-und_5-Methylbenzotriazol;0;0;0;0.105928516;286.0069929;[0.4];0.3;0.3;0;0;0;0;0;0;0;0;0;0;0;0;0;0;0;0;0;0;0;0;0;0;0.4;0;0;;;;;;;;;;;;;;;;;;;;;;;;;;;;;;;;;;;;;;;;;;;;;;;;;;;
Porte du Scex;2019;4-und_5-Methylbenzotriazol;0;0;0;0.10784673;207.7048132;[];0;0;0;0.25;0.3;0.3;0.2;0;0;0;0;0;0;0;0;0;0;0;0;0;0;0;0;0;0.3;0;;;;;;;;;;;;;;;;;;;;;;;;;;;;;;;;;;;;;;;;;;;;;;;;;;;;
Porte du Scex;2021;4-und_5-Methylbenzotriazol;0;0;0;0;0;[];0;0;0;0;0;0;0;0;0;0;;;;;;;;;;;;;;;;;;;;;;;;;;;;;;;;;;;;;;;;;;;;;;;;;;;;;;;;;;;;;;;;;;;;
Porte du Scex;2022;4-und_5-Methylbenzotriazol;0;0;0.07;0.051898362;135.1519849;[];0;0;0;0;0;0.11;0.06;0;0;0;0.06;0.13;0;0;0;0.07;0.06;0;0.07;0.13;0.16;0.11;0;0;0;;;;;;;;;;;;;;;;;;;;;;;;;;;;;;;;;;;;;;;;;;;;;;;;;;;;;
Porte du Scex;2020;Acesulfam;0.01;0.02;0.03;0.033008801;112.9831437;[0.13];0;0.01;0;0;0.02;0.02;0.03;0.03;0.02;0.09;0.01;0.03;0.13;0.12;0.06;0.1;0.11;0.09;0.08;0.01;0.03;0;0.03;0.02;0;0;0;0;0;0.04;0.02;0.01;0.02;0.03;0.01;0.01;0.01;0.01;0.02;0.03;0.02;0.02;0.02;0.03;0.06;0.03;0.03;0.01;0;0;0.02;;;;;;;;;;;;;;;;;;;;;;;;;;;
Porte du Scex;2018;Atenolol;0;0;0.006;0.006626291;170.6771834;[0.03];0.006;0;0;0;0;0;0;0;0;0;0.008;0;0;0;0;0;0;0;0;0;0;0;0;0;0.007;0;0.022;0.006;0.011;0;0;0.012;0.011;0.006;0;0.03;0.018;0.011;0.006;0.006;0.01;0;0;0;0;0;0;0;0;0.016;0.012;;;;;;;;;;;;;;;;;;;;;;;;;;;
Porte du Scex;2019;Atenolol;0;0;0;0.011529094;360.284176;[0.057, 0.049];0;0;0;0;0;0;0;0;0;0;0;0;0.057;0;0.049;0;0.032;0;0;0;0;0;0;0;0;0;0;0;0;0;0;0;0;0;0.022;0;0;0;0;0;0;0;0;0;0;0;0;0;0;0;;;;;;;;;;;;;;;;;;;;;;;;;;;;
Porte du Scex;2021;Atenolol;0;0;0;0;0;[];0;0;0;0;0;0;0;0;0;0;0;0;0;0;0;0;0;0;0;0;0;0;0;0;0;0;0;0;0;0;0;0;0;0;0;0;0;0;0;0;0;0;0;0;0;0;0;0;0;0;;;;;;;;;;;;;;;;;;;;;;;;;;;;
Porte du Scex;2022;Atenolol;0;0;0;0.002060027;714.1428429;[0.015];0;0;0;0;0;0;0;0;0;0;0;0;0;0;0;0;0;0;0;0;0;0;0;0;0;0;0;0;0;0;0;0;0;0;0;0;0;0;0;0;0;0;0;0;0;0;0;0.015;0;0;0;0;;;;;;;;;;;;;;;;;;;;;;;;;;
Porte du Scex;2018;Atrazin;0;0;0;0;0;[];0;0;0;0;0;0;0;0;0;0;0;0;0;0;0;0;0;0;0;0;0;0;0;0;0;0;0;;;;;;;;;;;;;;;;;;;;;;;;;;;;;;;;;;;;;;;;;;;;;;;;;;;
Porte du Scex;2019;Atrazin;0;0;0;0;0;[];0;0;0;0;0;0;0;0;0;0;0;0;0;0;0;0;0;0;0;0;0;0;0;0;0;0;;;;;;;;;;;;;;;;;;;;;;;;;;;;;;;;;;;;;;;;;;;;;;;;;;;;
Porte du Scex;2020;Atrazin;0;0;0;0;0;[];0;0;0;0;0;0;0;0;0;0;0;0;0;0;0;0;0;0;0;0;0;0;0;0;0;0;0;0;0;0;0;0;0;0;0;0;0;0;0;0;0;0;0;0;0;0;0;0;0;0;0;;;;;;;;;;;;;;;;;;;;;;;;;;;
Porte du Scex;2019;Azithromycin;0;0;0;0;0;[];0;0;0;0;0;0;0;0;0;0;0;0;0;0;0;0;0;0;0;0;0;0;0;0;0;0;;;;;;;;;;;;;;;;;;;;;;;;;;;;;;;;;;;;;;;;;;;;;;;;;;;;
Porte du Scex;2021;Azithromycin;0.01;0.02;0.02;0.024686839;134.1676011;[0.16];0.02;0;0.01;0;0.09;0.16;0.01;0.01;0;0;0.03;0.02;0.02;0.02;0.02;0.02;0.02;0.02;0.02;0.01;0.01;0.01;0.03;0.02;0.02;0.04;0.02;0.02;0.01;0.02;0.01;0.02;0.02;0;0.01;0;0.01;0.03;0.02;0.02;0.01;0;0.02;0;0.02;0;0.01;0;0.01;0.01;;;;;;;;;;;;;;;;;;;;;;;;;;;;
Porte du Scex;2022;Azithromycin;0.01;0.02;0.03;0.016853002;81.14408259;[0.09];0.03;0.04;0.02;0.02;0.01;0.02;0.02;0.03;0.02;0.02;0.03;0.02;0.03;0;0.02;0.01;0.01;0.01;0.01;0.01;0;0;0;0.02;0.01;0.01;0.02;0.01;0;0.01;0.02;0.03;0.01;0.02;0.01;0.02;0;0;0;0.01;0.02;0.04;0.04;0.03;0.04;0.09;0.05;0.06;0.03;0.03;0.03;0.04;;;;;;;;;;;;;;;;;;;;;;;;;;
Porte du Scex;2018;Azoxystrobin;0;0;0;0;0;[];0;0;0;0;0;0;0;0;0;0;0;0;0;0;0;0;0;0;0;0;0;0;0;0;0;0;0;;;;;;;;;;;;;;;;;;;;;;;;;;;;;;;;;;;;;;;;;;;;;;;;;;;
Porte du Scex;2019;Azoxystrobin;0;0;0;0;0;[];0;0;0;0;0;0;0;0;0;0;0;0;0;0;0;0;0;0;0;0;0;0;0;0;0;0;;;;;;;;;;;;;;;;;;;;;;;;;;;;;;;;;;;;;;;;;;;;;;;;;;;;
Porte du Scex;2020;Azoxystrobin;0;0;0;0;0;[];0;0;0;0;0;0;0;0;0;0;0;0;0;0;0;0;0;0;0;0;0;0;0;0;0;0;0;0;0;0;0;0;0;0;0;0;0;0;0;0;0;0;0;0;0;0;0;0;0;0;0;;;;;;;;;;;;;;;;;;;;;;;;;;;
Porte du Scex;2018;Bentazon;0;0;0;0;0;[];0;0;0;0;0;0;0;0;0;0;0;0;0;0;0;0;0;0;0;0;0;0;0;0;0;0;0;;;;;;;;;;;;;;;;;;;;;;;;;;;;;;;;;;;;;;;;;;;;;;;;;;;
Porte du Scex;2019;Bentazon;0;0;0;0;0;[];0;0;0;0;0;0;0;0;0;0;0;0;0;0;0;0;0;0;0;0;0;0;0;0;0;0;;;;;;;;;;;;;;;;;;;;;;;;;;;;;;;;;;;;;;;;;;;;;;;;;;;;
Porte du Scex;2021;Bentazon;0;0;0;0;0;[];0;0;0;0;0;0;0;0;0;0;0;0;0;0;0;0;0;0;0;0;0;0;0;0;0;0;0;0;0;0;0;0;0;0;0;0;0;0;0;0;0;0;0;0;0;0;0;0;0;0;;;;;;;;;;;;;;;;;;;;;;;;;;;;
Porte du Scex;2022;Bentazon;0;0;0;0;0;[];0;0;0;0;0;0;0;0;0;0;0;0;0;0;0;0;0;0;0;0;0;0;0;0;0;0;0;0;0;0;0;0;0;0;0;0;0;0;0;0;0;0;0;0;0;0;0;0;0;0;0;0;;;;;;;;;;;;;;;;;;;;;;;;;;
Porte du Scex;2018;Benzothiazol;0;0;0;0;0;[];0;0;0;0;0;0;0;0;0;0;0;0;0;0;0;0;0;0;0;0;0;0;0;0;0;0;0;;;;;;;;;;;;;;;;;;;;;;;;;;;;;;;;;;;;;;;;;;;;;;;;;;;
Porte du Scex;2020;Benzothiazol;0;0;0;0;0;[];0;0;0;0;0;0;0;0;0;0;0;0;0;0;0;0;0;0;0;0;0;0;0;0;0;0;0;0;0;0;0;0;0;0;0;0;0;0;0;0;0;0;0;0;0;0;0;0;0;0;0;;;;;;;;;;;;;;;;;;;;;;;;;;;
Porte du Scex;2021;Benzothiazol;0;0;0;0;0;[];0;0;0;0;0;0;0;0;0;0;0;0;0;0;0;0;0;0;0;0;0;0;0;0;0;0;0;0;0;0;0;0;0;0;0;0;0;0;0;0;0;0;0;0;0;0;0;0;0;0;;;;;;;;;;;;;;;;;;;;;;;;;;;;
Porte du Scex;2022;Benzotriazol;0;0;0;0;0;[];0;0;0;0;0;0;0;0;0;0;0;0;0;0;0;0;0;0;0;0;0;0;0;0;0;0;0;0;0;0;0;0;0;0;0;0;0;0;0;0;0;0;0;0;0;0;0;0;0;0;0;0;;;;;;;;;;;;;;;;;;;;;;;;;;
Porte du Scex;2019;Bezafibrat;0.012;0.024;0.034;0.014467923;63.01215963;[];0.028;0.041;0.029;0.033;0.038;0.016;0.024;0.025;0.035;0.036;0.051;0.025;0.036;0.031;0.036;0.054;0.049;0.025;0.039;0.038;0.026;0.045;0.042;0.022;0.041;0.034;0.017;0.032;0.025;0.016;0.027;0.021;0;0.01;0;0.008;0.008;0;0.006;0.009;0;0;0.01;0;0.012;0.01;0;0.018;0.012;0;0.009;0.012;0.013;0.016;0.019;0.015;0.024;0.024;0.016;0.033;0.03;0.0155;0.034;0.02;0.028;0.051;0.033;0.0135;0.029;0.022;0;0.04;0.024;0;0.037;0.047;;
Porte du Scex;2020;Bezafibrat;0;0;0;0;0;[];0;0;0;0;0;0;0;0;0;0;0;0;0;0;0;0;0;0;0;0;0;0;0;0;0;0;0;0;0;0;0;0;0;0;0;0;0;0;0;0;0;0;0;0;0;0;0;0;0;0;0;;;;;;;;;;;;;;;;;;;;;;;;;;;
Porte du Scex;2021;Bezafibrat;0;0;0;0;0;[];0;0;0;0;0;0;0;0;0;0;0;0;0;0;0;0;0;0;0;0;0;0;0;0;0;0;0;0;0;0;0;0;0;0;0;0;0;0;0;0;0;0;0;0;0;0;0;0;0;0;;;;;;;;;;;;;;;;;;;;;;;;;;;;
Porte du Scex;2018;Boscalid;0.012;0.02075;0.036;0.014472969;63.83328258;[];0.048;0.048;0.036;0.039;0.025;0.04;0.015;0.017;0.024;0.029;0.0205;0.038;0.022;0.022;0.02;0.041;0.048;0.037;0.046;0.045;0.062;0.043;0.0225;0.035;0.021;0.011;0.017;0.013;0;0.011;0.011;0.014;0;0.01;0;0.011;0.012;0;0.011;0.011;0;0.009;0.012;0.016;0.017;0.023;0;0.023;0.009;0;0.019;0.013;0;0.016;0.021;0;0.02;0.018;0.012;0.017;0.02;0.019;0.026;0.034;0.036;0.012;0.038;0.025;0.025;0.025;0.0245;0.027;0.027;0.041;0.036;0.039;0.054;0.039
Porte du Scex;2019;Boscalid;0;0;0;0;0;[];0;0;0;0;0;0;0;0;0;0;0;0;0;0;0;0;0;0;0;0;0;0;0;0;0;0;;;;;;;;;;;;;;;;;;;;;;;;;;;;;;;;;;;;;;;;;;;;;;;;;;;;
Porte du Scex;2022;Boscalid;0;0;0;0;0;[];0;0;0;0;0;0;0;0;0;0;0;0;0;0;0;0;0;0;0;0;0;0;0;0;0;0;0;0;0;0;0;0;0;0;0;0;0;0;0;0;0;0;0;0;0;0;0;0;0;0;0;0;;;;;;;;;;;;;;;;;;;;;;;;;;
Porte du Scex;2018;Carbamazepin;0;0;0;0;0;[];0;0;0;0;0;0;0;0;0;0;0;0;0;0;0;0;0;0;0;0;0;0;0;0;0;0;0;;;;;;;;;;;;;;;;;;;;;;;;;;;;;;;;;;;;;;;;;;;;;;;;;;;
Porte du Scex;2020;Carbamazepin;0;0;0;0.001072174;497.0990223;[0.006, 0.005];0;0;0;0;0;0;0;0;0;0;0;0;0;0;0;0;0;0;0.006;0;0;0;0;0;0;0;0.005;0;0;0;0;0;0;0;0;0;0;0;0;0;0;0;0;0;0;0;0;0;0;0;0;;;;;;;;;;;;;;;;;;;;;;;;;;;
Porte du Scex;2021;Carbamazepin;0;0;0;0;0;[];0;0;0;0;0;0;0;0;0;0;0;0;0;0;0;0;0;0;0;0;0;0;0;0;0;0;0;0;0;0;0;0;0;0;0;0;0;0;0;0;0;0;0;0;0;0;0;0;0;0;;;;;;;;;;;;;;;;;;;;;;;;;;;;
Porte du Scex;2019;Carbendazim;0.09525;0.175;0.255;0.109166911;57.2033697;[0.54];0.42;0.27;0.25;0.19;0.24;0.29;0.3;0.36;0.37;0.54;0.42;0.24;0.31;0.24;0.3;0.28;0.24;0.24;0.17;0.18;0.11;0.075;0.053;0.057;0.058;0.068;0.068;0.09;0.082;0.08;0.1;0.089;0.097;0.089;0.086;0.13;0.11;0.12;0.2;0.19;0.16;0.1;0.14;0.17;0.18;0.15;0.21;0.14;0.2;0.29;;;;;;;;;;;;;;;;;;;;;;;;;;;;
Porte du Scex;2022;Carbendazim;0;0;0;0;0;[];0;0;0;0;0;0;0;0;0;0;0;0;0;0;0;0;0;0;0;0;0;0;0;0;0;0;0;0;0;0;0;0;0;0;0;0;0;0;0;0;0;0;0;0;0;0;0;0;0;0;0;0;;;;;;;;;;;;;;;;;;;;;;;;;;
Porte du Scex;2018;Chloridazon;0.097;0.17;0.28;0.106475629;54.56448035;[];0.29;0.32;0.35;0.17;0.27;0.27;0.35;0.25;0.25;0.32;0.41;0.34;0.28;0.42;0.34;0.19;0.14;0.097;0.083;0.097;0.087;0.065;0.047;0.072;0.079;0.087;0.069;0.11;0.076;0.11;0.097;0.061;0.16;0.12;0.14;0.12;0.16;0.11;0.11;0.17;0.19;0.18;0.075;0.24;0.19;0.27;0.34;0.28;0.22;0.3;0.38;;;;;;;;;;;;;;;;;;;;;;;;;;;
Porte du Scex;2019;Chloridazon;0;0;0;0;0;[];0;0;0;0;0;0;0;0;0;0;0;0;0;0;0;0;0;0;0;0;0;0;0;0;0;0;;;;;;;;;;;;;;;;;;;;;;;;;;;;;;;;;;;;;;;;;;;;;;;;;;;;
Porte du Scex;2020;Chloridazon;0;0;0;0.001208709;212.5660001;[0.005];0;0;0;0;0;0.003;0.002;0.002;0.002;0.003;0.005;0.003;0.003;0.003;0;0;0;0;0;0;0;0.003;0;0;0;0;0;0;0;0;0;0;0;0;0;0;0;0;0;0;0;0;0;0;0;0;0;0;0;0;0;;;;;;;;;;;;;;;;;;;;;;;;;;;
Porte du Scex;2021;Chloridazon;0;0;0;0;0;[];0;0;0;0;0;0;0;0;0;0;0;0;0;0;0;0;0;0;0;0;0;0;0;0;0;0;0;0;0;0;0;0;0;0;0;0;0;0;0;0;0;0;0;0;0;0;0;0;0;0;;;;;;;;;;;;;;;;;;;;;;;;;;;;
Porte du Scex;2018;Chlorpyrifos;0;0;0;0;0;[];0;0;0;0;0;0;0;0;0;0;0;0;0;0;0;0;0;0;0;0;0;0;0;0;0;0;0;;;;;;;;;;;;;;;;;;;;;;;;;;;;;;;;;;;;;;;;;;;;;;;;;;;
Porte du Scex;2019;Chlorpyrifos;0;0;0;0.041923077;500;[0.218];0;0;0;0;0;0.218;0;0;0;0;0;0;0;0;0;0;0;0;0;0;0;0;0;0;0;0;;;;;;;;;;;;;;;;;;;;;;;;;;;;;;;;;;;;;;;;;;;;;;;;;;;;
Porte du Scex;2018;Chlorpyrifos-methyl;0;0;0;0;0;[];0;0;0;0;0;0;0;0;0;0;0;0;0;0;0;0;0;0;0;0;0;0;0;0;0;0;0;;;;;;;;;;;;;;;;;;;;;;;;;;;;;;;;;;;;;;;;;;;;;;;;;;;
Porte du Scex;2019;Chlorpyrifos-methyl;0;0.013;0.019;0.009518901;87.14486408;[];0.0195;0.019;0;0.0175;0.022;0.024;0.011;0;0.019;0;0.015;0.014;0;0;0.012;0;0.016;0.027;0;0;0.028;0.0135;0;0.0125;0;0.014;;;;;;;;;;;;;;;;;;;;;;;;;;;;;;;;;;;;;;;;;;;;;;;;;;;;
Porte du Scex;2020;Chlorpyrifos-methyl;0;0;0.001;0.001138944;187.3746546;[];0;0;0;0;0;0.002;0.004;0.003;0.001;0.001;0.001;0.001;0;0.004;0;0;0;0;0;0;0;0;0;0;0;0;0;0;0;0;0;0;0.003;0.002;0.001;0.001;0;0.002;0.001;0;0;0;0;0;0;0;0;0;0;0;0.004;;;;;;;;;;;;;;;;;;;;;;;;;;;
Porte du Scex;2021;Chlorpyrifos-methyl;0;0;0;0.002886936;343.6828681;[0.01, 0.012, 0.012];0;0;0;0;0;0.008;0;0;0;0.01;0;0;0;0;0;0.012;0;0;0.012;0;0;0;0;0;0;0;0;0;0;0;0;0;0;0;0;0;0;0;0;0;0;0;0;0;0;0;0;0;0;0;;;;;;;;;;;;;;;;;;;;;;;;;;;;
Porte du Scex;2022;Chlorpyrifos-methyl;0;0;0;0;0;[];0;0;0;0;0;0;0;0;0;0;0;0;0;0;0;0;0;0;0;0;0;0;0;0;0;0;0;0;0;0;0;0;0;0;0;0;0;0;0;0;0;0;0;0;0;0;0;0;0;0;0;0;;;;;;;;;;;;;;;;;;;;;;;;;;
Porte du Scex;2018;Chlortoluron;0;0.0175;0.0225;0.020727823;117.9454648;[0.08, 0.0815];0.021;0.0175;0.02;0;0;0.02;0.0295;0.08;0.0815;0.015;0;0.018;0;0;0.013;0.014;0;0;0;0;0;0.024;0.022;0.0225;0.0295;0.027;0.02;;;;;;;;;;;;;;;;;;;;;;;;;;;;;;;;;;;;;;;;;;;;;;;;;;;
Porte du Scex;2019;Clarithromycin;0;0.003;0.004;0.001852674;81.97671432;[];0.007;0.005;0.004;0.003;0.004;0.004;0.005;0.004;0;0.003;0.004;0.004;0.003;0.003;0.004;0.004;0.004;0.004;0.003;0.002;0;0;0;0;0;0;0;0;0;0;0;0;0.002;0;0.002;0.003;0.003;0.002;0.004;0.003;0.002;0;0.002;0.002;0.003;0;0.003;0;0.003;0.005;;;;;;;;;;;;;;;;;;;;;;;;;;;;
Porte du Scex;2020;Clarithromycin;0;0;0;0;0;[];0;0;0;0;0;0;0;0;0;0;0;0;0;0;0;0;0;0;0;0;0;0;0;0;0;0;0;0;0;0;0;0;0;0;0;0;0;0;0;0;0;0;0;0;0;0;0;0;0;0;0;;;;;;;;;;;;;;;;;;;;;;;;;;;
Porte du Scex;2021;Clarithromycin;0;0;0;0.0005;500;[0.002, 0.003];0;0;0;0;0;0.002;0;0;0;0;0;0;0;0;0;0;0;0;0;0;0.003;0;0;0;0;0;0;0;0;0;0;0;0;0;0;0;0;0;0;0;0;0;0;0;0;0;0;0;0;0;;;;;;;;;;;;;;;;;;;;;;;;;;;;
Porte du Scex;2022;Clarithromycin;0;0;0;0;0;[];0;0;0;0;0;0;0;0;0;0;0;0;0;0;0;0;0;0;0;0;0;0;0;0;0;0;0;0;0;0;0;0;0;0;0;0;0;0;0;0;0;0;0;0;0;0;0;0;0;0;0;0;;;;;;;;;;;;;;;;;;;;;;;;;;
Porte du Scex;2018;Cyproconazol;0;0;0;0;0;[];0;0;0;0;0;0;0;0;0;0;0;0;0;0;0;0;0;0;0;0;0;0;0;0;0;0;0;0;0;0;0;0;0;0;0;0;0;0;0;0;0;0;0;0;0;0;0;0;0;0;0;;;;;;;;;;;;;;;;;;;;;;;;;;;
Porte du Scex;2021;Cyproconazol;0;0;0;0;0;[];0;0;0;0;0;0;0;0;0;0;0;0;0;0;0;0;0;;;;;;;;;;;;;;;;;;;;;;;;;;;;;;;;;;;;;;;;;;;;;;;;;;;;;;;;;;;;;
Porte du Scex;2020;Cyprodinil;0;0;0;0;0;[];0;0;0;0;0;0;0;0;0;0;0;0;0;0;0;0;0;0;0;0;0;0;0;0;0;0;0;0;0;0;0;0;0;0;0;0;0;0;0;0;0;0;0;0;0;0;0;0;0;0;0;;;;;;;;;;;;;;;;;;;;;;;;;;;
Porte du Scex;2019;DEET;0;0;0;0;0;[];0;0;0;0;0;0;0;0;0;0;0;0;0;0;0;0;0;0;0;0;0;0;0;0;0;0;0;0;0;0;0;0;0;0;0;0;0;0;0;0;0;0;0;0;0;0;0;0;0;0;0;0;0;0;0;0;0;0;0;0;0;0;0;0;0;0;0;0;0;0;0;0;0;0;0;0;;
Porte du Scex;2021;DEET;0;0;0.001;0.000988737;145.4024364;[0.005];0.005;0;0.002;0;0;0;0;0;0.002;0;0;0.001;0;0;0;0;0;0;0;0;0.001;0;0;0;0;0;0;0;0;0;0;0;0;0.003;0.002;0.002;0.001;0.002;0.001;0.002;0.001;0.001;0.001;0.001;0.001;0.001;0.001;0.001;0.001;0.001;;;;;;;;;;;;;;;;;;;;;;;;;;;;
Porte du Scex;2022;DEET;0;0;0;0.000226436;871.7797887;[0.002];0;0.002;0;0;0;0;0;0;0;0;0;0;0;0;0;0;0;0;0;0;0;0;0;0;0;0;0;0;0;0;0;0;0;0;0;0;0;0;0;0;0;0;0;0;0;0;0;0;0;0;0;0;0;0;0;0;0;0;0;0;0;0;0;0;0;0;0;0;0;0;0;0;0;0;0;0;0;
Porte du Scex;2018;Desphenyl-chloridazon;0;0;0;0;0;[];0;0;0;0;0;0;0;0;0;0;0;0;0;0;0;0;0;0;0;0;0;0;0;0;0;0;0;0;0;0;0;0;0;0;0;0;0;0;0;0;0;0;0;0;0;0;0;0;0;0;0;0;0;0;0;0;0;0;0;0;0;0;0;0;0;0;0;0;0;0;0;0;0;0;0;0;0;0
Porte du Scex;2020;Desphenyl-chloridazon;0;0;0;0;0;[];0;0;0;0;0;0;0;0;0;0;0;0;0;0;0;0;0;0;0;0;0;0;0;0;0;0;0;0;0;0;0;0;0;0;0;0;0;;;;;;;;;;;;;;;;;;;;;;;;;;;;;;;;;;;;;;;;;
Porte du Scex;2019;Diazinon;0;0;0;0.001296148;324.0370349;[0.007];0;0;0;0;0;0.003;0.003;0;0.003;0;0;0;0;0;0;0;0;0;0;0;0;0;0;0;0;0;0;0;0;0;0;0;0;0;0;0;0.007;0;0.004;0;0;0;0;0;0;0;0;0;0;0;;;;;;;;;;;;;;;;;;;;;;;;;;;;
Porte du Scex;2021;Diazinon;0;0;0;0.0017;340;[0.006, 0.006, 0.006, 0.007];0;0;0;0;0;0;0;0;0;0;0;0;0;0;0.006;0;0;0;0.006;0.006;0;0;0.007;0;0;0;0;0;0;0;0;0;0;0;0;0;0;0;0;0;0;0;0;0;0;0;0;0;0;0;;;;;;;;;;;;;;;;;;;;;;;;;;;;
Porte du Scex;2022;Diazinon;0;0;0;0;0;[];0;0;0;0;0;0;0;0;0;0;0;0;0;0;0;0;0;0;0;0;0;0;0;0;0;0;0;0;0;0;0;0;0;0;0;0;0;0;0;0;0;0;0;0;0;0;0;0;;;;;;;;;;;;;;;;;;;;;;;;;;;;;;
Porte du Scex;2018;Dicamba;0;0;0;0.002879083;564.7432259;[0.02];0;0;0;0;0;0;0;0;0;0;0;0;0;0;0;0;0;0;0;0;0;0;0;0;0;0;0;0;0;0.02;0;0;0;0;0;0;0;0.006;0;0;0;0;0;0;0;0;0;0;0;0;0;;;;;;;;;;;;;;;;;;;;;;;;;;;
Porte du Scex;2020;Dicamba;0;0;0;0.001257351;582.9534379;[0.009];0;0;0;0;0;0.001;0;0;0;0;0;0;0;0.001;0;0;0;0;0;0.009;0;0;0;0;0;0;0;0;0;0;0;0;0;0;0;0;0;0;0;0;0;0;0;0;0;0;0;0;0;0;0;;;;;;;;;;;;;;;;;;;;;;;;;;;
Porte du Scex;2021;Diclofenac;0;0;0;0.000346987;247.8478796;[];0;0;0;0;0;0;0;0;0;0;0;0;0;0;0;0;0;0;0;0;0.001;0.001;0.001;0.001;0.001;0.001;0.001;0;0;0;0;0;0;0;0;0;0;0;0;0;0;0;0;0;0;0;0;0;0;0;;;;;;;;;;;;;;;;;;;;;;;;;;;;
Porte du Scex;2022;Diclofenac;0;0;0;0.000137335;714.1428429;[0.001];0;0;0;0;0;0;0;0;0;0;0;0;0;0;0;0;0;0;0.001;0;0;0;0;0;0;0;0;0;0;0;0;0;0;0;0;0;0;0;0;0;0;0;0;0;0;0;0;0;0;0;0;0;;;;;;;;;;;;;;;;;;;;;;;;;;
Porte du Scex;2019;Dimethoat;0;0;0;0;0;[];0;0;0;0;0;0;0;0;0;0;0;0;0;0;0;0;0;0;0;0;0;0;0;0;0;0;0;0;0;0;0;0;0;0;0;0;0;0;0;0;0;0;0;0;0;0;0;0;0;0;0;0;0;0;0;0;0;0;0;0;0;0;0;0;0;0;0;0;0;0;0;0;0;0;0;0;;
Porte du Scex;2020;Dimethoat;0;0;0.001;0.00141367;225.3036146;[0.009];0;0;0;0;0.001;0;0.001;0.001;0.001;0.002;0.001;0.002;0.001;0.003;0.001;0.001;0.001;0.002;0;0.009;0;0.003;0.001;0;0;0;0;0;0;0;0.001;0;0;0;0;0;0;0;0;0;0;0;0;0;0;0;0;0;0;0;0;;;;;;;;;;;;;;;;;;;;;;;;;;;
Porte du Scex;2018;Diuron;0;0;0;0;0;[];0;0;0;0;0;0;0;0;0;0;0;0;0;0;0;0;0;0;0;0;0;0;0;0;0;0;0;0;0;0;0;0;0;0;0;0;0;0;0;0;0;0;0;0;0;0;0;0;0;0;0;0;0;0;0;0;0;0;0;0;0;0;0;0;0;0;0;0;0;0;0;0;0;0;0;0;0;0
Porte du Scex;2019;Diuron;0;0;0;0;0;[];0;0;0;0;0;0;0;0;0;0;0;0;0;0;0;0;0;0;0;0;0;0;0;0;0;0;;;;;;;;;;;;;;;;;;;;;;;;;;;;;;;;;;;;;;;;;;;;;;;;;;;;
Porte du Scex;2021;Diuron;0;0;0;0;0;[];0;0;0;0;0;0;0;0;0;0;0;0;0;0;0;0;0;0;0;0;0;0;0;0;0;0;0;0;0;0;0;0;0;0;0;0;0;0;0;0;0;0;0;0;0;0;0;0;0;0;;;;;;;;;;;;;;;;;;;;;;;;;;;;
Porte du Scex;2022;Diuron;0;0;0;0;0;[];0;0;0;0;0;0;0;0;0;0;0;0;0;0;0;0;0;0;0;0;0;0;0;0;0;0;0;0;0;0;0;0;0;0;0;0;0;0;0;0;0;0;0;0;0;0;0;0;0;0;0;0;;;;;;;;;;;;;;;;;;;;;;;;;;
Porte du Scex;2018;DOC;0;0;0;0;0;[];0;0;0;0;0;0;0;0;0;0;0;0;0;0;0;0;0;0;0;0;0;0;0;0;0;0;0;;;;;;;;;;;;;;;;;;;;;;;;;;;;;;;;;;;;;;;;;;;;;;;;;;;
Porte du Scex;2020;DOC;0;0;0;0;0;[];0;0;0;0;0;0;0;0;0;0;0;0;0;0;0;0;0;0;0;0;0;0;0;0;0;0;0;0;0;0;0;0;0;0;0;0;0;0;0;0;0;0;0;0;0;0;0;0;0;0;0;;;;;;;;;;;;;;;;;;;;;;;;;;;
Porte du Scex;2021;Epoxiconazol;0;0;0;0;0;[];0;0;0;0;0;0;0;0;0;0;0;0;0;0;0;0;0;0;0;0;0;0;0;0;0;0;0;0;0;0;0;0;0;0;0;0;0;0;0;0;0;0;0;0;0;0;0;0;0;0;;;;;;;;;;;;;;;;;;;;;;;;;;;;
Porte du Scex;2022;Epoxiconazol;0;0;0;0;0;[];0;0;0;0;0;0;0;0;0;0;0;0;0;0;0;0;0;0;0;0;0;0;0;0;0;0;0;0;0;0;0;0;0;0;0;0;0;0;0;0;0;0;0;0;0;0;0;0;0;0;0;0;;;;;;;;;;;;;;;;;;;;;;;;;;
Porte du Scex;2020;Erythromycin;0;0;0;0.018711451;319.1585367;[0.12];0;0;0;0;0.012;0;0.018;0;0;0;0;0;0;0;0;0;0;0;0;0;0;0.011;0;0;0;0;0;0;0.12;0.019;0.025;0;0.016;0;0;0;0;0;0;0;0;0;0;0.011;0.011;0.056;0;0;0;0;0;;;;;;;;;;;;;;;;;;;;;;;;;;;
Porte du Scex;2019;Ethofumesat;0;0;0;0.000113951;866.0254038;[0.001];0;0;0;0;0;0;0;0;0;0;0;0;0;0;0;0;0;0;0;0;0;0;0;0;0;0;0;0;0;0;0;0;0;0;0;0;0;0;0;0;0;0;0;0;0;0;0;0.001;0;0;0;0;0;0;0;0;0;0;0;0;0;0;0;0;0;0;0;0;0;0;0;0;0;0;0;0;;
Porte du Scex;2018;Ibuprofen;0;0;0;0;0;[];0;0;0;0;0;0;0;0;0;0;0;0;0;0;0;0;0;0;0;0;0;0;0;0;0;0;0;0;0;0;0;0;0;0;0;0;0;0;0;0;0;0;0;0;0;0;0;0;0;0;0;0;0;0;0;0;0;0;0;0;0;0;0;0;0;0;0;0;0;0;0;0;0;0;0;0;0;0
Porte du Scex;2021;Ibuprofen;0;0;0.001;0.000768375;213.4374746;[0.004, 0.003];0;0;0;0;0;0;0;0;0;0;0;0;0;0;0;0;0;0;0;0;0.001;0;0;0;0;0.004;0.003;0;0;0;0;0;0;0;0;0;0;0;0;0;0.001;0.001;0.001;0.001;0.001;0.001;0.001;0.001;0.001;0.001;;;;;;;;;;;;;;;;;;;;;;;;;;;;
Porte du Scex;2022;Ibuprofen;0;0;0;0;0;[];0;0;0;0;0;0;0;0;0;0;0;0;0;0;0;0;0;0;0;0;0;0;0;0;0;0;0;0;0;0;0;0;0;0;0;0;0;0;0;0;0;0;0;0;0;0;0;0;0;0;0;0;;;;;;;;;;;;;;;;;;;;;;;;;;
Porte du Scex;2018;Imidacloprid;0;0;0;0;0;[];0;0;0;0;0;0;0;0;0;0;0;0;0;0;0;0;0;0;0;0;0;0;0;0;0;0;0;;;;;;;;;;;;;;;;;;;;;;;;;;;;;;;;;;;;;;;;;;;;;;;;;;;
Porte du Scex;2019;Imidacloprid;0;0;0;0;0;[];0;0;0;0;0;0;0;0;0;0;0;0;0;0;0;0;0;0;0;0;0;0;0;0;0;0;;;;;;;;;;;;;;;;;;;;;;;;;;;;;;;;;;;;;;;;;;;;;;;;;;;;
Porte du Scex;2019;Imidacloprid;0.36;0.465;0.5575;0.560787861;86.2013791;[];2.1;0.83;0.37;0.36;0.34;0.4;0.36;0.36;0.4;0.34;0.58;0.55;0.49;0.49;0.51;0.49;0.44;2.3;;;;;;;;;;;;;;;;;;;;;;;;;;;;;;;;;;;;;;;;;;;;;;;;;;;;;;;;;;;;
Porte du Scex;2020;Imidacloprid;0;0;0;0.000560798;408.5814185;[0.002, 0.002, 0.003];0;0;0;0;0;0;0;0;0;0.002;0;0;0;0;0;0;0;0;0;0;0;0;0;0;0;0;0;0;0;0;0;0;0;0;0;0;0;0;0;0;0;0;0;0;0;0;0;0.002;0;0.003;0;;;;;;;;;;;;;;;;;;;;;;;;;;;
Porte du Scex;2021;Iopromid;0;0;0;0;0;[];0;0;0;0;0;0;0;0;0;0;0;0;0;0;0;0;0;0;0;0;0;0;0;0;0;0;0;0;0;0;0;0;0;0;0;0;0;0;0;0;0;0;0;0;0;0;0;0;0;0;;;;;;;;;;;;;;;;;;;;;;;;;;;;
Porte du Scex;2018;Iprovalicarb;0.24;0.36;0.99;0.99671592;116.9343055;[4.1];0.34;0.25;0.29;0.32;0.28;0.29;0.28;0.29;0.21;0.25;0.24;0.19;0.24;0.22;0.21;0.18;0.19;0.18;0.27;0.27;0.11;0.081;0.61;0.46;0.51;0.36;0.93;0.69;0.5;0.14;0.23;1.7;1.5;1.1;0.67;4.1;3.3;2.9;1.9;1.2;0.99;0.59;0.28;0.58;0.71;0.52;0.52;2.1;3.1;2.6;3.5;;;;;;;;;;;;;;;;;;;;;;;;;;;
Porte du Scex;2020;Iprovalicarb;0;0;0;0;0;[];0;0;0;0;0;0;0;0;0;0;0;0;0;0;0;0;0;0;0;0;0;0;0;0;0;0;0;0;0;0;0;0;0;0;0;0;0;0;0;0;0;0;0;0;0;0;0;0;0;0;0;;;;;;;;;;;;;;;;;;;;;;;;;;;
Porte du Scex;2022;Iprovalicarb;0;0;0;0;0;[];0;0;0;0;0;0;0;0;0;0;0;0;0;0;0;0;0;0;0;0;0;0;0;0;0;0;0;0;0;0;0;0;0;0;0;0;0;0;0;0;0;0;0;0;0;0;0;0;0;0;0;0;0;0;0;0;0;0;0;0;0;0;0;0;0;0;0;0;0;0;0;0;0;0;0;0;0;
Porte du Scex;2019;Irgarol;0.021;0.0385;0.058;0.028085251;68.56662683;[0.16];0.0405;0.092;0.041;0.1;0.058;0.032;0.062;0.043;0.043;0.079;0.068;0.039;0.066;0.067;0.085;0.11;0.16;0.028;0.081;0.066;0.0225;0.058;0.065;0.021;0.058;0.057;0.038;0.068;0.056;0.0275;0.061;0.033;0.014;0.018;0;0.015;0.017;0;0.012;0.017;0.012;0.009;0.025;0.014;0.021;0.024;0.0145;0.028;0.028;0;0.017;0.022;0.0175;0.026;0.036;0.022;0.039;0.045;0.03;0.06;0.044;0.021;0.04;0.028;0.042;0.039;0.044;0.0285;0.043;0.034;0;0.083;0.056;0;0.046;0.056;;
Porte du Scex;2020;Irgarol;0;0;0;0;0;[];0;0;0;0;0;0;0;0;0;0;0;0;0;0;0;0;0;0;0;0;0;0;0;0;0;0;0;0;0;0;0;0;0;0;0;0;0;;;;;;;;;;;;;;;;;;;;;;;;;;;;;;;;;;;;;;;;;
Porte du Scex;2021;Irgarol;0;0;0.0155;0.01272946;140.7998955;[0.05];0;0;0;0;0;0;0;0;0.01;0;0.016;0.013;0.017;0.039;0.013;0.013;0.015;0.02;0.015;0.045;0;0;0;0;0.05;0;0.043;0;0;0.016;0.011;0;0.017;0;0.015;0;0;0;0;0.017;0;0.017;0;0;0;0;0.017;0.011;0.013;;;;;;;;;;;;;;;;;;;;;;;;;;;;;
Porte du Scex;2019;Isoproturon;0;0;0;0;0;[];0;0;0;0;0;0;0;0;0;0;0;0;0;0;0;0;0;0;0;0;0;0;0;0;0;0;;;;;;;;;;;;;;;;;;;;;;;;;;;;;;;;;;;;;;;;;;;;;;;;;;;;
Porte du Scex;2022;Isoproturon;0;0;0;0.000354076;368.2390528;[0.002];0.002;0.001;0;0;0;0;0.001;0.001;0;0;0;0;0;0;0;0;0;0;0;0;0;0;0;0;0;0;0;0;0;0;0;0;0;0;0;0;0;0;0;0;0;0;0;0;0;0;0;0;0;0;0;0;;;;;;;;;;;;;;;;;;;;;;;;;;
Porte du Scex;2018;Linuron;0.024;0.04025;0.06525;0.027587081;58.94513996;[0.14];0.083;0.064;0.064;0.072;0.047;0.082;0.044;0.047;0.065;0.053;0.0595;0.082;0.046;0.052;0.052;0.072;0.098;0.082;0.11;0.077;0.14;0.09;0.0355;0.083;0.04;0.021;0.034;0.027;0.0165;0.024;0.024;0.029;0.013;0.016;0;0.024;0.019;0.013;0.025;0.023;0.0155;0.024;0.033;0.017;0.023;0.024;0.015;0.025;0.015;0.0205;0.031;0.032;0.023;0.033;0.042;0.022;0.038;0.036;0.027;0.036;0.046;0.0405;0.054;0.066;0.035;0.027;0.057;0.0565;0.11;0.072;0.043;0.076;0.031;0.061;0.072;0.042;0.094;0.087
Porte du Scex;2020;Linuron;0;0;0;0;0;[];0;0;0;0;0;0;0;0;0;0;0;0;0;0;0;0;0;0;0;0;0;0;0;0;0;0;0;0;0;0;0;0;0;0;0;0;0;0;0;0;0;0;0;0;0;0;0;0;0;0;0;;;;;;;;;;;;;;;;;;;;;;;;;;;
Porte du Scex;2021;Linuron;0;0;0;0;0;[];0;0;0;0;0;0;0;0;0;0;0;0;0;0;0;0;0;0;0;0;0;0;0;0;0;0;0;0;0;0;0;0;0;0;0;0;0;0;0;0;0;0;0;0;0;0;0;0;0;0;;;;;;;;;;;;;;;;;;;;;;;;;;;;
Porte du Scex;2018;MCPA;0;0;0;0;0;[];0;0;0;0;0;0;0;0;0;0;0;0;0;0;0;0;0;0;0;0;0;0;0;0;0;0;0;;;;;;;;;;;;;;;;;;;;;;;;;;;;;;;;;;;;;;;;;;;;;;;;;;;
Porte du Scex;2019;MCPA;0;0.002;0.003;0.001510099;81.18813626;[];0.005;0.004;0.003;0.003;0.003;0.003;0.004;0.004;0.004;0.005;0.004;0.003;0.003;0.003;0.003;0.002;0.003;0.003;0.002;0.002;0.001;0;0;0;0;0;0;0;0;0;0;0;0;0;0;0.002;0.001;0.001;0.002;0.002;0.001;0;0.001;0.002;0.002;0.002;0.002;0.002;0.003;0.003;;;;;;;;;;;;;;;;;;;;;;;;;;;;
Porte du Scex;2021;MCPA;0;0;0;0.003864296;306.8705756;[0.017];0;0;0;0;0;0;0;0;0;0;0.002;0;0;0;0.012;0.017;0.003;0;0;0;0;0;0;0;0;0;0;;;;;;;;;;;;;;;;;;;;;;;;;;;;;;;;;;;;;;;;;;;;;;;;;;;
Porte du Scex;2019;Mecoprop;0;0;0;0.003653846;500;[0.019];0;0;0;0;0;0;0;0;0;0;0;0;0;0;0;0;0;0;0;0;0.019;0;0;0;0;0;;;;;;;;;;;;;;;;;;;;;;;;;;;;;;;;;;;;;;;;;;;;;;;;;;;;
Porte du Scex;2020;Mecoprop;0.014;0.025;0.033;0.010857931;44.4069333;[];0.04;0.032;0.029;0.022;0.039;0.029;0.042;0.046;0.04;0.035;0.038;0.035;0.033;0.036;0.033;0.026;0.026;0.022;0.014;0.012;0.013;0.027;0.008;0.015;0.007;0.005;0.006;0.006;0.007;0.012;0.013;0.013;0.014;0.018;0.016;0.022;0.02;0.024;0.02;0.022;0.03;0.032;0.034;0.032;0.03;0.031;0.025;0.023;0.025;0.026;0.042;;;;;;;;;;;;;;;;;;;;;;;;;;;
Porte du Scex;2022;Mecoprop;0;0;0;0;0;[];0;0;0;0;0;0;0;0;0;0;0;0;0;0;0;0;0;0;0;0;0;0;0;0;0;0;0;0;0;0;0;0;0;0;0;0;0;0;0;0;0;0;0;0;0;0;0;0;0;0;0;0;0;0;0;0;0;0;0;0;0;0;0;0;0;0;0;0;;;;;;;;;;
Porte du Scex;2018;Mefenaminsaeure;0;0;0;0.001729274;304.1136905;[0.006, 0.006, 0.006, 0.006];0;0;0;0;0;0;0;0;0;0;0;0;0.005;0;0;0;0;0;0;0;0;0;0;0;0;0;0;0;0;0;0;0;0;0;0;0;0;0;0;0;0;0;0;0;0;0;0;0.006;0.006;0.006;0.006;;;;;;;;;;;;;;;;;;;;;;;;;;;
Porte du Scex;2021;Mefenaminsaeure;0;0;0;0;0;[];0;0;0;0;0;0;0;0;0;0;0;0;0;0;0;0;0;0;0;0;0;0;0;0;0;0;0;0;0;0;0;0;0;0;0;0;0;0;0;0;0;0;0;0;0;0;0;0;0;0;;;;;;;;;;;;;;;;;;;;;;;;;;;;
Porte du Scex;2022;Mefenaminsaeure;0;0;0;0;0;[];0;0;0;0;0;0;0;0;0;0;0;0;0;0;0;0;0;0;0;0;0;0;0;0;0;;;;;;;;;;;;;;;;;;;;;;;;;;;;;;;;;;;;;;;;;;;;;;;;;;;;;
Porte du Scex;2018;Metalaxyl;0;0;0;0;0;[];0;0;0;0;0;0;0;0;0;0;0;0;0;0;0;0;0;0;0;0;0;0;0;0;0;0;0;;;;;;;;;;;;;;;;;;;;;;;;;;;;;;;;;;;;;;;;;;;;;;;;;;;
Porte du Scex;2020;Metalaxyl;0;0;0;0.002249867;370.1393275;[0.013];0;0;0;0;0;0;0;0;0;0;0;0;0;0.013;0;0;0;0;0;0;0;0;0;0;0;0;0;0;0;0;0;0;0;0;0;0;0;0.006;0;0;0;0;0;0;0;0;0;0.006;0;0.006;0;;;;;;;;;;;;;;;;;;;;;;;;;;;
Porte du Scex;2019;Metamitron;0;0;0;0;0;[];0;0;0;0;0;0;0;0;0;0;0;0;0;0;0;0;0;0;0;0;0;0;0;0;0;0;0;0;0;0;0;0;0;0;0;0;0;0;0;0;0;0;0;0;0;0;0;0;0;0;0;0;0;0;0;0;0;0;0;0;0;0;0;0;0;0;0;0;0;0;0;0;0;0;0;0;;
Porte du Scex;2021;Metamitron;0;0;0;0;0;[];0;0;0;0;0;0;0;0;0;0;0;0;0;0;0;0;0;0;0;0;0;0;0;0;0;0;0;0;0;0;0;0;0;0;0;0;0;0;0;0;0;0;0;0;0;0;0;0;0;0;;;;;;;;;;;;;;;;;;;;;;;;;;;;
Porte du Scex;2022;Metamitron;0;0;0;0.02395592;333.0769601;[0.098, 0.12];0;0;0;0;0;0;0;0;0;0;0;0;0;0;0;0;0;0;0;0;0;0;0;0;0.036;0;0;0;0;0;0;0;0;0;0;0;0.056;0;0;0;0;0;0.098;0;0.12;0;0;0;0.064;0;0;0;;;;;;;;;;;;;;;;;;;;;;;;;;
Porte du Scex;2019;Metazachlor;0;0;0;0;0;[];0;0;0;0;0;0;0;0;0;0;0;0;0;0;0;0;0;0;0;0;0;0;0;0;0;0;;;;;;;;;;;;;;;;;;;;;;;;;;;;;;;;;;;;;;;;;;;;;;;;;;;;
Porte du Scex;2020;Metazachlor;0;0;0;0;0;[];0;0;0;0;0;0;0;0;0;0;0;0;0;0;0;0;0;0;0;0;0;0;0;0;0;0;0;0;0;0;0;0;0;0;0;0;0;0;0;0;0;0;0;0;0;0;0;0;0;0;0;;;;;;;;;;;;;;;;;;;;;;;;;;;
Porte du Scex;2021;Metazachlor;0;0;0;0;0;[];0;0;0;0;0;0;0;0;0;0;0;0;0;0;0;0;0;0;0;0;0;0;0;0;0;0;0;0;0;0;0;0;0;0;0;0;0;0;0;0;;;;;;;;;;;;;;;;;;;;;;;;;;;;;;;;;;;;;;
Porte du Scex;2018;Metformin;0;0;0;0;0;[];0;0;0;0;0;0;0;0;0;0;0;0;0;0;0;0;0;0;0;0;0;0;0;0;0;0;0;0;0;0;0;0;0;0;0;0;0;0;0;0;0;0;0;0;0;0;0;0;0;0;0;0;0;0;0;0;0;0;0;0;0;0;0;0;0;0;0;0;0;0;0;0;0;0;0;0;0;0
Porte du Scex;2022;Metformin;0;0;0;0;0;[];0;0;0;0;0;0;0;0;0;0;0;0;0;0;0;0;0;0;0;0;0;0;0;0;0;0;0;0;0;0;0;0;0;0;0;0;0;0;0;0;0;0;0;0;0;0;0;0;0;0;0;0;;;;;;;;;;;;;;;;;;;;;;;;;;
Porte du Scex;2018;Methoxyfenozid;0;0;0;0;0;[];0;0;0;0;0;0;0;0;0;0;0;0;0;0;0;0;0;0;0;0;0;0;0;0;0;0;0;;;;;;;;;;;;;;;;;;;;;;;;;;;;;;;;;;;;;;;;;;;;;;;;;;;
Porte du Scex;2020;Methoxyfenozid;0;0;0;0;0;[];0;0;0;0;0;0;0;0;0;0;0;0;0;0;0;0;0;0;0;0;0;0;0;0;0;0;0;0;0;0;0;0;0;0;0;0;0;0;0;0;0;0;0;0;0;0;0;0;0;0;0;;;;;;;;;;;;;;;;;;;;;;;;;;;
Porte du Scex;2021;Methoxyfenozid;0.01875;0.026;0.03525;0.011172126;41.470401;[];0.041;0.025;0.025;0.026;0.03;0.026;0.026;0.041;0.041;0.032;0.039;0.04;0.045;0.04;0.033;0.047;0.051;0.035;0.031;0.023;0.023;0.024;0.014;0.01;0.008;0.01;0.011;0.01;0.009;0.009;0.013;0.015;0.013;0.018;0.019;0.022;0.02;0.021;0.026;0.035;0.035;0.037;0.036;0.024;0.027;0.026;0.03;0.033;0.031;0.041;;;;;;;;;;;;;;;;;;;;;;;;;;;;
Porte du Scex;2022;Methoxyfenozid;0;0;0;0;0;[];0;0;0;0;0;0;0;0;0;0;0;0;0;0;0;0;0;0;0;0;0;0;0;0;0;0;0;0;0;0;0;0;0;0;0;0;0;0;0;0;0;0;0;0;;;;;;;;;;;;;;;;;;;;;;;;;;;;;;;;;;
Porte du Scex;2019;Metolachlor;0;0.002;0.004;0.001908348;87.89968404;[];0;0.005;0;0.004;0.003;0;0.003;0.003;0;0.004;0.004;0;0.004;0.004;0;0.006;0.005;0;0.004;0.004;0;0.004;0.004;0;0.004;0.005;0;0.004;0.004;0;0.004;0.003;0;0.001;0;0.001;0.001;0;0.001;0.001;0;0.002;0.002;0;0.001;0.002;0;0.002;0.002;0;0.002;0.002;0;0.002;0.004;0;0.003;0.004;0;0.006;0.005;0;0.004;0.002;0;0.003;0.004;0;0.004;0.003;0;0.005;0.002;0;0.004;0.005;;
Porte du Scex;2020;Metoprolol;0.005;0.01;0.013;0.004058776;42.24440501;[];0.015;0.013;0.011;0.008;0.015;0.011;0.014;0.016;0.013;0.013;0.016;0.013;0.01;0.011;0.011;0.01;0.009;0.008;0.005;0.004;0.005;0.008;0.005;0.005;0.004;0.004;0.003;0.004;0.004;0.004;0.005;0.004;0.005;0.007;0.005;0.009;0.008;0.01;0.01;0.012;0.015;0.015;0.015;0.014;0.012;0.014;0.011;0.009;0.01;0.011;0.017;;;;;;;;;;;;;;;;;;;;;;;;;;;
Porte du Scex;2021;Metoprolol;0;0;0;0;0;[];0;0;0;0;0;0;0;0;0;0;0;0;0;0;0;0;0;0;0;0;0;0;0;0;0;0;0;0;0;0;0;0;0;0;0;0;0;0;0;0;0;0;0;0;0;0;0;0;0;0;;;;;;;;;;;;;;;;;;;;;;;;;;;;
Porte du Scex;2022;Metoprolol;0;0;0;0;0;[];0;0;0;0;0;0;0;0;0;0;0;0;0;0;0;0;0;0;0;0;0;0;0;0;0;0;0;0;0;0;0;0;0;0;0;0;0;0;0;0;0;0;0;0;0;0;0;0;0;0;0;0;;;;;;;;;;;;;;;;;;;;;;;;;;
Porte du Scex;2018;Metribuzin;0;0.002;0.005;0.002652235;101.9085507;[];0;0.005;0;0.007;0;0.008;0.006;0;0.007;0.007;0;0.007;0.005;0;0.004;0.007;0.008;0;0.007;0;0.008;0.007;0;0.007;0.003;0;0.003;0.002;0;0.002;0.002;0.002;0;0.001;0;0.002;0.002;0;0.002;0.002;0;0.002;0.002;0;0.002;0.002;0;0.001;0.001;0;0.003;0.002;0;0.002;0.003;0;0.004;0.002;0;0.002;0.003;0;0.004;0.004;0;0;0.009;0;0.005;0.005;0;0.005;0;0.004;0.003;0;0.005;0.005
Porte du Scex;2020;Metribuzin;0;0;0;0;0;[];0;0;0;0;0;0;0;0;0;0;0;0;0;0;0;0;0;0;0;0;0;0;0;0;0;0;0;0;0;0;0;0;0;;;;;;;;;;;;;;;;;;;;;;;;;;;;;;;;;;;;;;;;;;;;;
Porte du Scex;2019;Napropamid;0;0;0;0;0;[];0;0;0;0;0;0;0;0;0;0;0;0;0;0;0;0;0;0;0;0;0;0;0;0;0;0;0;0;0;0;0;0;0;0;0;0;0;0;0;0;0;0;0;0;0;0;0;0;0;0;0;0;0;0;0;0;0;0;0;0;0;0;0;0;0;0;0;0;0;0;0;0;0;0;0;0;;
Porte du Scex;2021;Napropamid;0;0;0;0;0;[];0;0;0;0;0;0;0;0;0;0;0;0;0;0;0;0;0;0;0;0;0;0;0;0;0;0;0;0;0;0;0;0;0;0;0;0;0;0;0;0;0;0;0;0;0;0;0;0;0;0;;;;;;;;;;;;;;;;;;;;;;;;;;;;
Porte du Scex;2022;Napropamid;0;0;0;0;0;[];0;0;0;0;0;0;0;0;0;0;0;0;0;0;0;0;0;0;0;0;0;0;0;0;0;0;0;0;0;0;0;0;0;0;0;0;0;0;0;0;0;0;0;0;0;0;0;0;0;0;0;0;;;;;;;;;;;;;;;;;;;;;;;;;;
Porte du Scex;2019;Naproxen;0;0;0;0;0;[];0;0;0;0;0;0;0;0;0;0;0;0;0;0;0;0;0;0;0;0;0;0;0;0;0;0;;;;;;;;;;;;;;;;;;;;;;;;;;;;;;;;;;;;;;;;;;;;;;;;;;;;
Porte du Scex;2020;Naproxen;0;0;0;0;0;[];0;0;0;0;0;0;0;0;0;0;0;0;0;0;0;0;0;0;0;0;0;0;0;0;0;0;0;0;0;0;0;0;0;0;0;0;0;0;0;0;0;0;0;0;0;0;0;0;0;0;0;;;;;;;;;;;;;;;;;;;;;;;;;;;
Porte du Scex;2018;Nicosulfuron;0;0;0;0;0;[];0;0;0;0;0;0;0;0;0;0;0;0;0;0;0;0;0;0;0;0;0;0;0;0;0;0;0;0;0;0;0;0;0;0;0;0;0;0;0;0;0;0;0;0;0;0;0;0;0;0;0;0;0;0;0;0;0;0;0;0;0;0;0;0;0;0;0;0;0;0;0;0;0;0;0;0;0;0
Porte du Scex;2019;Nicosulfuron;0;0;0;0;0;[];0;0;0;0;0;0;0;0;0;0;0;0;0;0;0;0;0;0;0;0;0;0;0;0;0;0;;;;;;;;;;;;;;;;;;;;;;;;;;;;;;;;;;;;;;;;;;;;;;;;;;;;
Porte du Scex;2021;Nicosulfuron;0;0;0;0;0;[];0;0;0;0;0;0;0;0;0;0;0;0;0;0;0;0;0;0;0;0;0;0;0;0;0;0;0;0;0;0;0;0;0;0;0;0;0;0;0;0;0;0;0;0;0;0;0;0;0;0;;;;;;;;;;;;;;;;;;;;;;;;;;;;
Porte du Scex;2022;Nicosulfuron;0;0;0;0;0;[];0;0;0;0;0;0;0;0;0;0;0;0;0;0;0;0;0;0;0;0;0;0;0;0;0;0;0;0;0;0;0;0;0;0;0;0;0;0;0;0;0;0;0;0;0;0;0;0;0;0;0;0;;;;;;;;;;;;;;;;;;;;;;;;;;
Porte du Scex;2018;Pirimicarb;0;0;0;0;0;[];0;0;0;0;0;0;0;0;0;0;0;0;0;0;0;0;0;0;0;0;0;0;0;0;0;0;0;;;;;;;;;;;;;;;;;;;;;;;;;;;;;;;;;;;;;;;;;;;;;;;;;;;
Porte du Scex;2019;Pirimicarb;0;0;0;0;0;[];0;0;0;0;0;0;0;0;0;0;0;0;0;0;0;0;0;0;0;0;0;0;0;0;0;0;;;;;;;;;;;;;;;;;;;;;;;;;;;;;;;;;;;;;;;;;;;;;;;;;;;;
Porte du Scex;2020;Pirimicarb;0.015;0.026;0.031;0.010464234;43.42359086;[];0.031;0.028;0.026;0.017;0.04;0.024;0.055;0.035;0.035;0.015;0.037;0.036;0.026;0.03;0.025;0.027;0.028;0.041;0.02;0.011;0.012;0.01;0.017;0.015;0.028;0.026;0.011;0.01;0.009;0.009;0.011;0.012;0.011;0.016;0.012;0.015;0.014;0.021;0.017;0.025;0.03;0.038;0.031;0.029;0.032;0.033;0.027;0.027;0.027;0.024;0.043;;;;;;;;;;;;;;;;;;;;;;;;;;;
Porte du Scex;2018;Propamocarb;0;0;0;0;0;[];0;0;0;0;0;0;0;0;0;0;0;0;0;0;0;0;0;0;0;0;0;0;0;0;0;0;0;;;;;;;;;;;;;;;;;;;;;;;;;;;;;;;;;;;;;;;;;;;;;;;;;;;
Porte du Scex;2021;Propamocarb;0.007;0.011;0.01325;0.00448;43.24324324;[];0.017;0.01;0.011;0.011;0.014;0.012;0.012;0.018;0.018;0.013;0.016;0.013;0.016;0.015;0.011;0.017;0.018;0.014;0.012;0.008;0.009;0.009;0.005;0.004;0;0.003;0.004;0.004;0.004;0.004;0.005;0.005;0.005;0.007;0.009;0.009;0.009;0.011;0.012;0.018;0.011;0.012;0.012;0.007;0.009;0.008;0.011;0.011;0.011;0.014;;;;;;;;;;;;;;;;;;;;;;;;;;;;
Porte du Scex;2022;Propamocarb;0.017;0.03;0.042;0.012936806;43.3449682;[];0.042;0.043;0.03;0.028;0.028;0.033;0.044;0.044;0.043;0.047;0.052;0.042;0.044;0.032;0.038;0.036;0.031;0.03;0.026;0.018;0.013;0.015;0.017;0.018;0.013;0.014;0.014;0.014;0.014;0.011;0.013;0.013;0.015;0.015;0.017;0.018;0.018;0.029;0.034;0.03;0.03;0.042;0.037;0.024;0.044;0.056;0.049;0.06;0.035;0.033;0.03;0.036;;;;;;;;;;;;;;;;;;;;;;;;;;
Porte du Scex;2020;Pyrimethanil;0;0;0;0.000138648;707.1067812;[0.001];0;0;0;0;0;0;0;0;0;0;0;0;0;0.001;0;0;0;0;0;0;0;0;0;0;0;0;0;0;0;0;0;0;0;0;0;0;0;0;0;0;0;0;0;0;0;0;0;0;0;0;0;;;;;;;;;;;;;;;;;;;;;;;;;;;
Porte du Scex;2021;Pyrimethanil;0;0;0;0.000631771;452.7692569;[0.003, 0.003];0;0;0;0;0;0;0;0;0;0;0;0;0;0;0;0;0;0;0;0;0;0;0;0;0;0;0.003;0;0.003;0;0;0;0;0;0;0;0;0;0;0;0;0;0;;;;;;;;;;;;;;;;;;;;;;;;;;;;;;;;;;;
Porte du Scex;2018;Sotalol;0;0;0;0;0;[];0;0;0;0;0;0;0;0;0;0;0;0;0;0;0;0;0;0;0;0;0;0;0;0;0;0;0;;;;;;;;;;;;;;;;;;;;;;;;;;;;;;;;;;;;;;;;;;;;;;;;;;;
Porte du Scex;2019;Sotalol;0;0;0;0;0;[];0;0;0;0;0;0;0;0;0;0;0;0;0;0;0;0;0;0;0;0;0;0;0;0;0;0;0;0;0;0;0;0;0;0;0;0;0;0;0;0;0;0;0;0;0;0;0;0;0;0;0;0;0;0;0;0;0;0;0;0;0;0;0;0;0;0;0;0;0;0;0;0;0;0;0;0;;
Porte du Scex;2022;Sotalol;0;0;0;0;0;[];0;0;0;0;0;0;0;0;0;0;0;0;0;0;0;0;0;0;0;0;0;0;0;0;0;0;0;0;0;0;0;0;0;0;0;0;0;0;0;0;0;0;0;0;0;0;0;0;0;0;0;0;;;;;;;;;;;;;;;;;;;;;;;;;;
Porte du Scex;2020;Sucralose;0;0;0;0;0;[];0;0;0;0;0;0;0;0;0;0;0;0;0;0;0;0;0;0;0;0;0;0;0;0;0;0;0;0;0;0;0;0;0;0;0;0;0;0;0;0;0;0;0;0;0;0;0;0;0;0;0;;;;;;;;;;;;;;;;;;;;;;;;;;;
Porte du Scex;2021;Sucralose;0;0;0;0;0;[];0;0;0;0;0;0;0;0;0;0;0;0;0;0;0;0;0;0;0;0;0;0;0;0;0;0;0;0;0;0;0;0;0;0;0;0;0;0;0;0;0;0;0;0;0;0;;;;;;;;;;;;;;;;;;;;;;;;;;;;;;;;
Porte du Scex;2022;Sucralose;0;0;0;0;0;[];0;0;0;0;0;0;0;0;0;0;0;0;0;0;0;0;0;0;0;0;0;0;0;0;0;;;;;;;;;;;;;;;;;;;;;;;;;;;;;;;;;;;;;;;;;;;;;;;;;;;;;
Porte du Scex;2019;Sulfamethazin;0;0;0;0;0;[];0;0;0;0;0;0;0;0;0;0;0;0;0;0;0;0;0;0;0;0;0;0;0;0;0;0;0;0;0;0;0;0;0;0;0;0;0;0;0;0;0;0;0;0;0;0;0;0;0;0;;;;;;;;;;;;;;;;;;;;;;;;;;;;
Porte du Scex;2018;Sulfamethoxazol;0;0;0;0;0;[];0;0;0;0;0;0;0;0;0;0;0;0;0;0;0;0;0;0;0;0;0;0;0;0;0;0;0;0;0;0;0;0;0;0;0;0;0;0;0;0;0;0;0;0;0;0;0;0;0;0;0;0;0;0;0;0;0;0;0;0;0;0;0;0;0;0;0;0;0;0;0;0;0;0;0;0;0;0
Porte du Scex;2019;Sulfamethoxazol;0;0;0;0;0;[];0;0;0;0;0;0;0;0;0;0;0;0;0;0;0;0;0;0;0;0;0;0;0;0;0;0;0;0;0;0;;;;;;;;;;;;;;;;;;;;;;;;;;;;;;;;;;;;;;;;;;;;;;;;
Porte du Scex;2020;Sulfamethoxazol;0.093;0.15;0.22;0.086738977;50.9054986;[0.45];0.45;0.28;0.22;0.17;0.31;0.22;0.3;0.37;0.31;0.24;0.27;0.22;0.2;0.27;0.23;0.2;0.19;0.15;0.11;0.087;0.089;0.092;0.12;0.085;0.11;0.08;0.09;0.085;0.095;0.087;0.087;0.08;0.08;0.093;0.083;0.11;0.097;0.11;0.1;0.13;0.16;0.19;0.2;0.16;0.16;0.17;0.14;0.15;0.15;0.17;0.34;;;;;;;;;;;;;;;;;;;;;;;;;;;
Porte du Scex;2021;Sulfamethoxazol;0;0;0;0;0;[];0;0;0;0;0;0;0;0;0;0;0;0;0;0;0;0;0;0;0;0;0;0;0;0;0;0;0;0;0;0;0;0;0;0;0;0;0;0;0;0;0;0;0;0;0;0;0;0;0;0;;;;;;;;;;;;;;;;;;;;;;;;;;;;
Porte du Scex;2022;Sulfamethoxazol;0;0;0;0;0;[];0;0;0;0;0;0;0;0;0;0;0;0;0;0;0;0;0;0;0;0;0;0;0;0;0;0;0;0;0;0;0;0;0;0;0;0;0;0;0;0;0;0;0;0;0;0;0;0;0;0;0;0;;;;;;;;;;;;;;;;;;;;;;;;;;
Porte du Scex;2018;Tebuconazol;0;0;0;0;0;[];0;0;0;0;0;0;0;0;0;0;0;0;0;0;0;0;0;0;0;0;0;0;0;0;0;0;0;0;0;0;0;0;0;0;0;0;0;0;0;0;0;0;0;;;;;;;;;;;;;;;;;;;;;;;;;;;;;;;;;;;
Porte du Scex;2020;Terbuthylazin;0;0;0;0.000588889;231.0254987;[0.003];0;0;0;0;0;0.001;0;0.001;0;0.001;0;0.003;0.001;0;0;0.001;0.001;0.001;0;0;0;0;0;0;0;0;0;0;0;0;0;0;0;0;0;0;0;0;0;0.002;0;0;0;0;0;0;0;0;0.001;0;0;;;;;;;;;;;;;;;;;;;;;;;;;;;
Porte du Scex;2021;Terbuthylazin;0.016;0.024;0.0335;0.013081605;51.22006815;[];0.037;0.019;0.027;0.026;0.03;0.025;0.021;0.033;0.032;0.023;0.036;0.036;0.038;0.028;0.032;0.044;0.043;0.039;0.03;0.023;0.022;0.019;0.012;0.009;0.008;0.008;0.009;0.01;0.007;0.006;0.008;0.014;0.016;0.017;0.016;0.016;0.017;0.016;0.033;0.049;0.028;0.026;0.028;0.017;0.021;0.02;0.059;0.052;0.035;0.057;;;;;;;;;;;;;;;;;;;;;;;;;;;;
Porte du Scex;2022;Terbuthylazin;0;0;0;0;0;[];0;0;0;0;0;0;0;0;0;0;0;0;0;0;0;0;0;0;0;0;0;0;0;0;0;0;0;0;0;0;0;0;0;0;0;0;0;0;0;0;0;0;0;0;0;0;0;0;0;0;0;0;;;;;;;;;;;;;;;;;;;;;;;;;;
Porte du Scex;2018;Terbutryn;0;0;0;0;0;[];0;0;0;0;0;0;0;0;0;0;0;0;0;0;0;0;0;0;0;0;0;0;0;0;0;0;0;0;0;0;0;0;0;0;0;0;0;0;0;0;0;0;0;;;;;;;;;;;;;;;;;;;;;;;;;;;;;;;;;;;
Porte du Scex;2019;Terbutryn;0;0;0;0;0;[];0;0;0;0;0;0;0;0;0;0;0;0;0;0;0;0;0;0;0;0;0;0;0;0;0;0;0;0;0;0;0;0;0;0;0;0;0;0;0;0;0;0;0;0;0;0;0;0;0;0;0;0;0;0;0;0;0;0;0;0;0;0;0;0;0;0;0;0;0;0;0;0;0;0;0;0;;
Porte du Scex;2020;Thiacloprid;0;0;0;0;0;[];0;0;0;0;0;0;0;0;0;0;0;0;0;0;0;0;0;0;0;0;0;0;0;0;0;0;0;0;0;0;0;0;0;0;0;0;0;0;0;0;0;0;0;0;0;0;0;0;0;0;0;;;;;;;;;;;;;;;;;;;;;;;;;;;
Porte du Scex;2021;Thiacloprid;0;0;0;0.0003;300;[];0;0;0;0;0;0;0;0;0;0;0;0;0;0;0;0;0;0;0;0;0;0;0;0;0;0;0;0;0;0;0;0;0;0;0;0;0;0;0;0;0.001;0;0.001;0.001;0;0.001;0.001;0;0;0;;;;;;;;;;;;;;;;;;;;;;;;;;;;
Porte du Scex;2022;Thiacloprid;0.007;0.011;0.017;0.005723279;47.23975932;[];0.017;0.017;0.013;0.01;0.01;0.013;0.019;0.021;0.019;0.018;0.018;0.019;0.018;0.013;0.016;0.013;0.011;0.011;0.011;0.007;0.005;0.006;0.007;0.008;0.006;0.005;0.007;0.005;0.006;0.005;0.006;0.005;0.005;0.005;0.006;0.007;0.007;0.01;0.012;0.011;0.01;0.016;0.016;0.011;0.017;0.024;0.023;0.028;0.015;0.013;0.012;0.017;;;;;;;;;;;;;;;;;;;;;;;;;;
Porte du Scex;2019;Thiamethoxam;0;0;0.00525;0.003041644;170.8788928;[];0.008;0.006;0;0;0.005;0.007;0.007;0.007;0.008;0.008;0.008;0.006;0;0;0.006;0;0;0;0;0;0;0;0;0;0;0;0;0;0;0;0;0;0;0;0;0;0;0;0;0;0;0;0;0;0;0;0;0;0.006;0.007;;;;;;;;;;;;;;;;;;;;;;;;;;;;
Porte du Scex;2018;Trimethoprim;0;0;0;0.001005328;603.1966129;[0.008, 0.004];0;0;0;0;0;0;0;0;0;0;0;0;0;0;0;0;0;0;0;0;0;0;0;0;0;0;0;0;0;0;0;0;0;0;0;0;0;0;0;0;0;0;0;0;0;0;0;0;0;0;0;0;0;0;0;0;0;0;0;0;0;0;0;0;0;0;0;0;0;0;0;0;0;0.008;0.004;0;0.001;0
Porte du Scex;2019;Trimethoprim;0;0;0;0;0;[];0;0;0;0;0;0;0;0;0;0;0;0;0;0;0;0;0;0;0;0;0;0;0;0;0;0;;;;;;;;;;;;;;;;;;;;;;;;;;;;;;;;;;;;;;;;;;;;;;;;;;;;
Porte du Scex;2020;Trimethoprim;0;0;0;0;0;[];0;0;0;0;0;0;0;0;0;0;0;0;0;0;0;0;0;0;0;0;0;0;0;0;0;0;0;0;0;0;0;0;0;0;0;0;0;0;0;0;0;0;0;0;0;0;0;0;0;0;0;;;;;;;;;;;;;;;;;;;;;;;;;;;
Porte du Scex;2021;Trimethoprim;0;0;0;0.00014;700;[0.001];0;0;0;0;0;0;0;0;0;0;0;0;0;0;0;0;0;0;0;0;0.001;0;0;0;0;0;0;0;0;0;0;0;0;0;0;0;0;0;0;0;0;0;0;0;0;0;0;0;0;0;;;;;;;;;;;;;;;;;;;;;;;;;;;;
Porte du Scex;2022;Trimethoprim;0;0;0;0;0;[];0;0;0;0;0;0;0;0;0;0;0;0;0;0;0;0;0;0;0;0;0;0;0;0;0;0;0;0;0;0;0;0;0;0;0;0;0;0;0;0;0;0;0;0;0;0;0;0;0;;;;;;;;;;;;;;;;;;;;;;;;;;;;;
